<?xml version="1.0" encoding="UTF-8"?>
<!--
   Copyright (c) 2019, WSO2 Inc. (http://www.wso2.org) All Rights Reserved.

   WSO2 Inc. licenses this file to you under the Apache License,
   Version 2.0 (the "License"); you may not use this file except
   in compliance with the License.
   You may obtain a copy of the License at

   http://www.apache.org/licenses/LICENSE-2.0

   Unless required by applicable law or agreed to in writing,
   software distributed under the License is distributed on an
   "AS IS" BASIS, WITHOUT WARRANTIES OR CONDITIONS OF ANY
   KIND, either express or implied. See the License for the
   specific language governing permissions and limitations
   under the License.
-->
<template name="init" xmlns="http://ws.apache.org/ns/synapse">
    <parameter name="username" description="Username of the Splunk account"/>
    <parameter name="password" description="Password of the splunk account"/>
    <parameter name="hostname" description="Hostname of te service"/>
    <parameter name="port" description="Port number of the service"/>
    <sequence>
        <property name="username" expression="$func:username"/>
        <property name="password" expression="$func:password"/>
        <property name="uri.var.hostname" expression="$func:hostname"/>
        <property name="uri.var.port" expression="$func:port"/>
        <property name="authenticationRawdata"
                  expression="fn:concat(get-property('username'),':',get-property('password'))"/>

        <!-- Base64Encoding the username and password -->
        <property name="authorization"
                  expression="fn:concat('Basic ', base64Encode(get-property('authenticationRawdata')))" type="STRING"/>
        <header name="Authorization" expression="get-property('authorization')" scope="transport"/>
    </sequence>
</template>
