<?xml version="1.0" encoding="UTF-8" ?>
<!--
   Copyright (c) 2019, WSO2 Inc. (http://www.wso2.org) All Rights Reserved.

   WSO2 Inc. licenses this file to you under the Apache License,
   Version 2.0 (the "License"); you may not use this file except
   in compliance with the License.
   You may obtain a copy of the License at

   http://www.apache.org/licenses/LICENSE-2.0

   Unless required by applicable law or agreed to in writing,
   software distributed under the License is distributed on an
   "AS IS" BASIS, WITHOUT WARRANTIES OR CONDITIONS OF ANY
   KIND, either express or implied. See the License for the
   specific language governing permissions and limitations
   under the License.
-->
<template xmlns="http://ws.apache.org/ns/synapse" name="addStanza">
    <parameter name="appName" description="Name of the app to list all configuration files"/>
    <parameter name="configFileName" description="Name of the configuration file"/>
    <parameter name="stanzaName" description="Name of the stanza "/>
    <parameter name="dataFields" description="Arbitrary number of key/value pairs."/>
    <sequence>
        <property name="uri.var.appName" expression="$func:appName"/>
        <property name="uri.var.configFileName" expression="$func:configFileName"/>
        <property name="stanzaName" expression="$func:stanzaName"/>
        <property name="uri.var.dataFields" expression="$func:dataFields"/>
        <script language="js"><![CDATA[
             var dataFields = mc.getProperty('dataFields');
             var urlQuery = '';

             if (dataFields != "null" && dataFields != null && dataFields != "") {
                urlQuery += dataFields;
             }
             if (urlQuery != null && urlQuery != "") {
                urlQuery = '?' + urlQuery;
             }
             mc.setProperty('uri.var.urlQuery', urlQuery);
            ]]>
        </script>
        <payloadFactory media-type="json">
            <format>
                {
                "name":"$1"
                }
            </format>
            <args>
                <arg evaluator="xml" expression="$ctx:stanzaName" literal="false"
                     xmlns="http://org.apache.synapse/xsd"/>
            </args>
        </payloadFactory>
        <property name="messageType" scope="axis2" type="STRING" value="application/x-www-form-urlencoded"/>
        <call>
            <endpoint>
                <http method="POST"
                      uri-template="https://{uri.var.hostname}:{uri.var.port}/servicesNS/nobody/{uri.var.appName}/configs/conf-{uri.var.configFileName}{+uri.var.urlQuery}"/>
            </endpoint>
        </call>
    </sequence>
</template>
