<?xml version="1.0" encoding="UTF-8" ?>
<!--
   Copyright (c) 2019, WSO2 Inc. (http://www.wso2.org) All Rights Reserved.

   WSO2 Inc. licenses this file to you under the Apache License,
   Version 2.0 (the "License"); you may not use this file except
   in compliance with the License.
   You may obtain a copy of the License at

   http://www.apache.org/licenses/LICENSE-2.0

   Unless required by applicable law or agreed to in writing,
   software distributed under the License is distributed on an
   "AS IS" BASIS, WITHOUT WARRANTIES OR CONDITIONS OF ANY
   KIND, either express or implied. See the License for the
   specific language governing permissions and limitations
   under the License.
-->
<template xmlns="http://ws.apache.org/ns/synapse" name="accessSavedSearch">
    <parameter name="appName" description="Name of the default app"/>
    <parameter name="appUserName" description="Owner of the app"/>
    <parameter name="earliestTime"
               description="For scheduled searches display all the scheduled times starting from this time "/>
    <parameter name="latestTime" description="For scheduled searches display all the scheduled times until this time "/>
    <parameter name="listDefaultAction" description="Indicates whether to list default actions"/>
    <parameter name="orphanField"
               description="Indicates whether response includes a boolean value for each saved search to show whether
               the search is orphaned, meaning that it has no valid owner"/>
    <sequence>
        <property name="uri.var.appName" expression="$func:appName"/>
        <property name="uri.var.appUserName" expression="$func:appUserName"/>
        <property name="uri.var.earliestTime" expression="$func:earliestTime"/>
        <property name="uri.var.latestTime" expression="$func:latestTime"/>
        <property name="uri.var.listDefaultAction" expression="$func:listDefaultAction"/>
        <property name="uri.var.orphanField" expression="$func:orphanField"/>
        <script language="js">
            <![CDATA[
                var earliestTime = mc.getProperty("uri.var.earliestTime");
                var latestTime = mc.getProperty("uri.var.latestTime");
                var listDefaultAction = mc.getProperty("uri.var.listDefaultAction");
                var orphanField = mc.getProperty("uri.var.orphanField");
                var urlParamString = '';
                if (earliestTime != "" && earliestTime != null) {
                    urlParamString += '&earliest_time=' + earliestTime;
                }
                if (latestTime != "" && latestTime != null) {
                    urlParamString += '&latest_time=' + latestTime;
                }
                if (listDefaultAction != "" && listDefaultAction != null) {
                    urlParamString += '&listDefaultActionArgs=' + listDefaultAction;
                }
                if (orphanField != "" && orphanField != null) {
                    urlParamString += '&add_orphan_field=' + orphanField;
                }
                if(urlParamString != '') {
                    urlParamString = '?' + urlParamString.toString().substring(1);
                }
                mc.setProperty('uri.var.urlParamString', urlParamString);
            ]]>
        </script>
        <call>
            <endpoint>
                <http method="GET"
                      uri-template="https://{uri.var.hostname}:{uri.var.port}/servicesNS/{uri.var.appUserName}/{uri.var.appName}/saved/searches{+uri.var.urlParamString}"/>
            </endpoint>
        </call>
    </sequence>
</template>
